8aab367f-ac67-4022-a944-8c8b4cee3af2,0,abcdefghijklmnopqrstuvwxyz,John,Smith,Doe,john@example.com,1990-01-01,0,{},FALSE,FALSE,FALSE,FALSE
8aab367f-ac67-4022-a944-8c8b4cee3af3,0,zyxwvutsrqponmlkjihgfedcba,Jane,Doe,Smith,jane@example.com,1995-01-01,0,{},FALSE,FALSE,FALSE,FALSE
8c2f4273-d4d5-4d6e-8a61-acf3df1f9413,0,zyxwvutsrqponmlkjihgfedcba,John,Doe,Smith,john@example.com,1990-06-15,0,{},FALSE,FALSE,FALSE,FALSE
6881f0e9-0fc1-4d3f-bb2a-b9ff0ad76061,0,zyxwvutsrqponmlkjihgfedcaa,Jane,Doe,Johnson,jane@example.com,1985-11-30,0,{},FALSE,FALSE,FALSE,FALSE
1e66d2c4-d8d3-4742-b1d8-f131ecaa795f,0,zyxwvutsrqponmlkjihgfedcca,Michael,Doe,Davis,michael@example.com,1978-03-22,0,{},FALSE,FALSE,FALSE,FALSE
d549141f-871f-4d28-bfb8-a99a2ac54bce,0,zyxwvutsrqponmlkjihgfedcda,Sarah,Doe,Anderson,sarah@example.com,1992-09-01,0,{},FALSE,FALSE,FALSE,FALSE
7c914f03-6bc1-4f78-ab81-d4e5a0beabfe,0,zyxwvutsrqponmlkjihgfedcea,David,Doe,Wilson,david@example.com,1980-05-12,0,{},FALSE,FALSE,FALSE,FALSE
a3e2f1b9-d7c3-4c21-ba0b-780e55ade9b5,0,zyxwvutsrqponmlkjihgfedcfa,Emily,Doe,Taylor,emily@example.com,1988-08-08,0,{},FALSE,FALSE,FALSE,FALSE
4f175e7e-d2e2-4c3e-80c2-3be4feb81c0f,0,zyxwvutsrqponmlkjihgfedcga,Andrew,Doe,Thompson,andrew@example.com,1975-12-31,0,{},FALSE,FALSE,FALSE,FALSE
b559d2f8-7319-4abb-8d8e-df7c98acff57,0,zyxwvutsrqponmlkjihgfedcha,Jessica,Doe,Walker,jessica@example.com,1990-02-14,0,{},FALSE,FALSE,FALSE,FALSE
c14edf46-2df1-4e1b-9d01-60d4f4dd3b99,0,zyxwvutsrqponmlkjihgfedcka,Christopher,Doe,Miller,christopher@example.com,1982-06-19,0,{},FALSE,FALSE,FALSE,FALSE
9abbc7d6-16b6-4376-b5f2-4d9633e940f1,0,zyxwvutsrqponmlkjihgfedcla,Ashley,Doe,Garcia,ashley@example.com,1993-04-20,0,{},FALSE,FALSE,FALSE,FALSE
4a902363-0f20-4910-a0f8-3e523fc66f8d,0,zyxwvutsrqponmlkjihgfedcma,Matthew,Doe,Hernandez,matthew@example.com,1977-11-11,0,{},FALSE,FALSE,FALSE,FALSE
f11389b4-2b62-4f5b-82d6-6f945d580dc9,0,zyxwvutsrqponmlkjihgfedcna,Olivia,Doe,Gonzalez,olivia@example.com,1991-05-30,0,{},FALSE,FALSE,FALSE,FALSE
e5a3ddc8-c6c5-4f42-b7cd-9d5086d2cfa1,0,zyxwvutsrqponmlkjihgfedcoa,Jacob,Doe,Diaz,jacob@example.com,1984-09-18,0,{},FALSE,FALSE,FALSE,FALSE
b1f5b5ef-b911-4a2e-a231-c4b48d3c4415,0,zyxwvutsrqponmlkjihgfedcpa,Emma,Doe,Ramirez,emma@example.com,1987-12-24,0,{},FALSE,FALSE,FALSE,FALSE
3d8a628e-5c69-46c6-8e79-64a8e1337a14,0,zyxwvutsrqponmlkjihgfedcqa,Alexander,Doe,Morales,alexander@example.com,1979-06-03,0,{},FALSE,FALSE,FALSE,FALSE
8d985fba-d419-4f3e-871c-d9b69d8addac,0,zyxwvutsrqponmlkjihgfedcra,Isabella,Doe,Gutierrez,isabella@example.com,1994-11-09,0,{},FALSE,FALSE,FALSE,FALSE
c2842aa2-6cae-4c22-a743-d7d90be89d7c,0,zyxwvutsrqponmlkjihgfedcsa,William,Doe,Flores,william@example.com,1983-02-27,0,{},FALSE,FALSE,FALSE,FALSE
d6641d3c-7c2f-4edc-80ac-6bf64f5393fa,0,zyxwvutsrqponmlkjihgfedcta,Sophia,Doe,Castillo,sophia@example.com,1992-08-16,0,{},FALSE,FALSE,FALSE,FALSE
a4a8b0f2-e5ec-48c4-ad86-a588e7b70f04,0,zyxwvutsrqponmlkjihgfedcua,Daniel,Doe,Reyes,daniel@example.com,1981-04-05,0,{},FALSE,FALSE,FALSE,FALSE
8aab367f-ac67-4022-a944-8c8b4cee3af5,0,zyxwvutsrqponmlkjihgfedcbz,Илья,Петрович,Шиц,w@example.com,1985-01-01,0,{},FALSE,FALSE,FALSE,FALSE
8aab367f-ac65-4022-a944-8c8b4cee3af5,1561180234,eyJhbGciOiJIUzI1NiIsInR5cCI6IkpXVCJ9.eyJlbXBsb3llZV9pZCI6IjhhYWIzNjdmLWFjNjUtNDAyMi1hOTQ0LThjOGI0Y2VlM2FmNSIsImV4cCI6MTcxODgzNjAwOX0.4kGJXLGhOeear1q75jTZv-TwYvluYJVZnuczC9PSS84,Илья,Ильич,Шиц,example@example.com,1985-01-01,tyApO,"{""9abbc7d6-16b6-4376-b5f2-4d9633e940f1"": ""2025-04-20T00:00:00Z"", ""b559d2f8-7319-4abb-8d8e-df7c98acff57"": ""2025-02-13T09:00:00Z"", ""c14edf46-2df1-4e1b-9d01-60d4f4dd3b99"": ""2025-06-18T04:00:00Z""}",f,f,f,f
